model,model_label,n,mean_reward,completed,errors,running,nonzero,replaced_rows
claude-opus-4-8,Opus 4.8,100,0.3376489359928527,100,0,0,58,20
gemini-3.1-pro-preview,Gemini 3.1 Pro,100,0.33131241909813297,75,25,0,51,45
gpt-5.5,GPT-5.5,100,0.30869601511875927,100,0,0,68,34
gpt-5,GPT-5,100,0.21882724422454813,100,0,0,59,21
gpt-5.4,GPT-5.4,100,0.21064021947119407,100,0,0,55,20
gpt-4o,GPT-4o,100,0.15665152725297468,100,0,0,49,21
gpt-5.4-mini,GPT-5.4 mini,100,0.12307583183401195,100,0,0,53,21
