model,model_label,n,mean_reward,median_reward,completed,errors,nonzero,mean_duration_seconds,completion_rate,error_rate
claude-opus-4-8,Opus 4.8,100,0.342104880357562,0.21666666666666665,100,0,59,44.07996096,1.0,0.0
gemini-3.1-pro-preview,Gemini 3.1 Pro,100,0.26215952700148354,0.0,66,34,41,184.40561011999998,0.66,0.34
gpt-5.5,GPT-5.5,100,0.2599758140523265,0.10316742081447963,86,14,62,330.66818401999996,0.86,0.14
gpt-4o,GPT-4o,100,0.2405986486000835,0.00904330894365063,99,1,55,31.805069090000003,0.99,0.01
gpt-5.4,GPT-5.4,100,0.21079672811229938,0.06861780381408211,100,0,56,41.587143340000004,1.0,0.0
gpt-5,GPT-5,100,0.2002030095522698,0.08886102025048231,99,1,58,120.77567585999999,0.99,0.01
gpt-5.4-mini,GPT-5.4 mini,100,0.18045999482405337,0.06188145731375749,99,1,55,41.664907160000006,0.99,0.01
