model,model_label,n,mean_reward,median_reward,completed,errors,nonzero,completion_rate,original_mean_reward,original_errors,delta_vs_original_full_run
claude-opus-4-8,Opus 4.8,100,0.3376489359928527,0.21192224034801516,100,0,58,1.0,0.342104880357562,0,-0.004455944364709308
gemini-3.1-pro-preview,Gemini 3.1 Pro,100,0.32131241909813296,0.01666666666666665,74,26,50,0.74,0.2621595270014835,34,0.05915289209664948
gpt-5.5,GPT-5.5,100,0.25456147148549624,0.09825447201384874,86,14,59,0.86,0.2599758140523265,14,-0.005414342566830266
gpt-5,GPT-5,100,0.21753726105956495,0.0929693001385639,99,1,58,0.99,0.2002030095522698,1,0.017334251507295145
gpt-5.4,GPT-5.4,100,0.21064021947119407,0.0781973426119157,100,0,55,1.0,0.2107967281122993,0,-0.0001565086411052241
gpt-4o,GPT-4o,100,0.15662103944809663,0.0,99,1,48,0.99,0.2405986486000835,1,-0.08397760915198688
gpt-5.4-mini,GPT-5.4 mini,100,0.12224696506525237,0.0187502511825675,99,1,52,0.99,0.1804599948240533,1,-0.05821302975880094
