model,model_label,n,mean_protein_reward,best,completed,errors,nonzero,replaced_rows
claude-opus-4-8,Opus 4.8,20,0.3007927683874334,0.9873188405797102,20,0,16,0
gpt-5.4,GPT-5.4,20,0.2612303167708137,0.7207835325365206,20,0,20,0
gpt-5.4-mini,GPT-5.4 mini,20,0.13412012329749415,0.2916666666666667,20,0,20,1
gpt-5,GPT-5,20,0.12164295955821061,0.1696035242290749,20,0,20,1
gpt-4o,GPT-4o,20,0.08620065255888501,0.3681938911022576,20,0,17,1
gpt-5.5,GPT-5.5,20,0.08389771233591323,0.1696035242290749,20,0,16,0
gemini-3.1-pro-preview,Gemini 3.1 Pro,20,0.0,0.0,0,20,0,20
