id,model_a,model_b,reward_a,reward_b,delta,answer_chars_a,answer_chars_b,stem_a,stem_b,html
DBEVAL-V0-056,Opus 4.8,GPT-5,0.987319,0.148551,0.838768,,,opus48,gpt5,compare/opus48_vs_gpt5.html?task_id=DBEVAL-V0-056
DBEVAL-V0-056,Opus 4.8,GPT-5.5,0.9873188405797102,0.1485507246376811,0.838768115942029,32682.0,26281.0,opus48,gpt55,compare/opus48_vs_gpt55.html?task_id=DBEVAL-V0-056
DBEVAL-V0-050,Opus 4.8,GPT-5.5,0.7314077025232404,0.149734395750332,0.5816733067729084,32361.0,26281.0,opus48,gpt55,compare/opus48_vs_gpt55.html?task_id=DBEVAL-V0-050
DBEVAL-V0-058,Opus 4.8,GPT-5.5,0.6938325991189427,0.1696035242290749,0.5242290748898678,31641.0,25613.0,opus48,gpt55,compare/opus48_vs_gpt55.html?task_id=DBEVAL-V0-058
DBEVAL-V0-053,Opus 4.8,GPT-5.4 mini,0.5533262935586061,0.0311510031678986,0.5221752903907074,32021.0,34850.0,opus48,gpt54mini,compare/opus48_vs_gpt54mini.html?task_id=DBEVAL-V0-053
DBEVAL-V0-059,Opus 4.8,GPT-5.4 mini,0.5391692954784437,0.0428496319663512,0.4963196635120925,32109.0,54787.0,opus48,gpt54mini,compare/opus48_vs_gpt54mini.html?task_id=DBEVAL-V0-059
DBEVAL-V0-048,GPT-5.4,GPT-5.4 mini,0.5477493917274939,0.1222627737226277,0.4254866180048662,50098.0,33052.0,gpt54,gpt54mini,compare/gpt54_vs_gpt54mini.html?task_id=DBEVAL-V0-048
DBEVAL-V0-047,GPT-5.4,GPT-5,0.5013858093126385,0.1383037694013303,0.3630820399113083,51938.0,26283.0,gpt54,gpt5,compare/gpt54_vs_gpt5.html?task_id=DBEVAL-V0-047
DBEVAL-V0-045,Opus 4.8,GPT-4o,0.3450226244343891,0.0295733678086619,0.3154492566257272,33385.0,6961.0,opus48,gpt4o,compare/opus48_vs_gpt4o.html?task_id=DBEVAL-V0-045
