model,model_label,n,mean_reward,completed,errors,nonzero
gemini-3.1-pro-preview,Gemini 3.1 Pro,20,0.6616259318663447,19,1,18
claude-opus-4-8,Opus 4.8,20,0.6531043813904882,20,0,18
gpt-5.5,GPT-5.5,20,0.5766463837762943,20,0,16
gpt-5,GPT-5,20,0.5212864070736354,20,0,15
gpt-5.4,GPT-5.4,20,0.3787547573659135,20,0,15
gpt-4o,GPT-4o,20,0.3162120301302466,20,0,13
gpt-5.4-mini,GPT-5.4 mini,20,0.2203673328823313,20,0,14
