model,model_label,n,mean_reward,completed,errors,nonzero,original_mean,original_errors,mean_delta_vs_original
gemini-3.1-pro-preview,Gemini 3.1 Pro,20,0.6616259318663447,19,1,18,0.36586147138309755,9,0.2957644604832471
claude-opus-4-8,Opus 4.8,20,0.6531043813904882,20,0,18,0.6753841032140347,0,-0.02227972182354654
gpt-5.5,GPT-5.5,20,0.5766463837762943,20,0,16,0.6037180966104458,0,-0.02707171283415155
gpt-5,GPT-5,20,0.5212864070736354,20,0,15,0.4346151495371595,0,0.08667125753647587
gpt-5.4,GPT-5.4,20,0.3787547573659135,20,0,15,0.37953730057144,0,-0.0007825432055264536
gpt-4o,GPT-4o,20,0.3162120301302466,20,0,13,0.736100075890181,0,-0.4198880457599344
gpt-5.4-mini,GPT-5.4 mini,20,0.2203673328823313,20,0,14,0.511432481676336,0,-0.29106514879400475
