model,model_label,n,mean_reward,median_reward,completed,errors,nonzero,completion_rate
claude-opus-4-8,Opus 4.8,100,0.3376489359928527,0.21192224034801516,100,0,58,1.0
gemini-3.1-pro-preview,Gemini 3.1 Pro,100,0.32131241909813296,0.01666666666666665,74,26,50,0.74
gpt-5.5,GPT-5.5,100,0.25456147148549624,0.09825447201384874,86,14,59,0.86
gpt-5,GPT-5,100,0.21753726105956495,0.0929693001385639,99,1,58,0.99
gpt-5.4,GPT-5.4,100,0.21064021947119407,0.0781973426119157,100,0,55,1.0
gpt-4o,GPT-4o,100,0.15662103944809663,0.0,99,1,48,0.99
gpt-5.4-mini,GPT-5.4 mini,100,0.12224696506525237,0.0187502511825675,99,1,52,0.99
